ID_AutoProprietario,Numero_Telaio,ID_Proprietario,Data_Inizio_Proprietà,Data_Fine_Proprietà
1,VIN65748,1,2023-12-18,NULL
2,VIN82929,2,2020-07-26,2023-06-12
3,VIN90487,3,2017-09-24,NULL
4,VIN85804,4,2017-12-15,NULL
5,VIN86423,5,2021-01-02,NULL
6,VIN58759,6,2020-05-05,NULL
7,VIN74536,7,2021-06-06,2024-07-09
8,VIN96969,8,2018-06-13,2024-12-14
9,VIN61081,9,2017-04-01,2021-04-20
10,VIN99299,10,2016-02-11,NULL
11,VIN16194,11,2023-06-17,2014-09-18
12,VIN74629,12,2015-01-17,NULL
13,VIN56240,13,2021-11-06,NULL
14,VIN18729,14,2015-01-24,NULL
15,VIN97274,15,2022-07-01,NULL
16,VIN54394,16,2024-08-04,NULL
17,VIN46785,17,2019-09-12,2015-12-03
18,VIN42551,18,2021-09-18,NULL
19,VIN27070,19,2018-05-24,NULL
20,VIN63999,20,2018-07-02,NULL
21,VIN28893,21,2023-09-07,NULL
22,VIN79490,22,2024-11-19,NULL
23,VIN80940,23,2017-07-16,NULL
24,VIN65737,24,2016-03-01,NULL
25,VIN83956,25,2018-11-10,NULL
26,VIN44338,26,2021-11-01,2020-02-17
27,VIN85584,27,2016-01-12,NULL
28,VIN53343,28,2019-06-03,NULL
29,VIN28571,29,2023-01-22,NULL
30,VIN67208,30,2018-11-12,2020-10-22
31,VIN36173,31,2019-12-14,NULL
32,VIN91367,32,2022-05-09,NULL
33,VIN73463,33,2020-08-25,NULL
34,VIN32903,34,2016-11-14,NULL
35,VIN19205,35,2023-08-06,2022-08-10
36,VIN42358,36,2014-03-01,NULL
37,VIN63658,37,2014-07-09,NULL
38,VIN22644,38,2019-07-05,NULL
39,VIN14080,39,2015-09-04,NULL
40,VIN21065,40,2017-10-18,NULL
41,VIN18915,41,2024-03-11,2018-04-01
42,VIN98419,42,2022-07-01,NULL
43,VIN59131,43,2024-03-14,NULL
44,VIN94932,44,2014-05-02,NULL
45,VIN48509,45,2015-01-14,NULL
46,VIN87194,46,2014-12-25,NULL
47,VIN40110,47,2022-10-28,NULL
48,VIN44132,48,2015-06-16,NULL
49,VIN65455,49,2024-01-26,NULL
50,VIN54841,50,2017-01-04,NULL
51,VIN76360,51,2014-09-24,2017-06-18
52,VIN51018,52,2017-03-03,2023-11-26
53,VIN50737,53,2022-09-20,NULL
54,VIN43446,54,2017-10-12,2023-04-19
55,VIN72750,55,2016-06-05,NULL
56,VIN82480,56,2014-10-12,NULL
57,VIN29332,57,2019-02-06,NULL
58,VIN66346,58,2019-11-05,NULL
59,VIN82112,59,2014-09-19,2014-07-08
60,VIN16915,60,2024-03-07,NULL
61,VIN48225,61,2024-10-25,NULL
62,VIN64766,62,2016-11-09,NULL
63,VIN85692,63,2015-08-20,NULL
64,VIN25114,64,2017-12-26,2020-12-03
65,VIN58994,65,2016-09-13,2020-04-06
66,VIN47232,66,2021-08-03,NULL
67,VIN56684,67,2023-11-26,NULL
68,VIN47537,68,2014-06-16,NULL
69,VIN13117,69,2016-11-05,NULL
70,VIN22564,70,2024-04-04,NULL
71,VIN86546,71,2017-11-05,NULL
72,VIN96245,72,2016-08-16,NULL
73,VIN76715,73,2022-01-09,2021-11-06
74,VIN78320,74,2019-12-14,2015-08-12
75,VIN31666,75,2022-09-08,2022-07-07
76,VIN49542,76,2023-06-17,NULL
77,VIN10091,77,2016-09-15,2016-04-28
78,VIN10958,78,2016-05-10,NULL
79,VIN73999,79,2019-09-05,NULL
80,VIN27184,80,2015-12-13,NULL
81,VIN94167,81,2014-05-11,2019-08-23
82,VIN87685,82,2018-10-20,NULL
83,VIN58550,83,2022-02-14,NULL
84,VIN86396,84,2022-08-20,NULL
85,VIN33117,85,2015-03-19,2020-09-13
86,VIN49366,86,2015-03-02,NULL
87,VIN92265,87,2015-11-17,NULL
88,VIN15830,88,2016-07-16,NULL
89,VIN98873,89,2015-01-20,NULL
90,VIN31844,90,2019-10-10,NULL
91,VIN49190,91,2022-10-23,NULL
92,VIN82338,92,2017-11-24,2015-11-07
93,VIN84198,93,2017-05-10,NULL
94,VIN48045,94,2015-10-14,2019-02-24
95,VIN53867,95,2022-01-16,2020-06-13
96,VIN35131,96,2021-10-22,NULL
97,VIN67874,97,2020-07-11,NULL
98,VIN33258,98,2014-07-27,NULL
99,VIN26909,99,2024-05-18,2023-05-25
100,VIN60671,100,2023-02-17,NULL
101,VIN58656,101,2022-01-16,NULL
102,VIN75540,102,2022-04-17,NULL
103,VIN14586,103,2023-05-01,NULL
104,VIN12552,104,2024-03-16,NULL
105,VIN63866,105,2021-02-08,NULL
106,VIN17178,106,2018-05-20,NULL
107,VIN44028,107,2016-03-26,NULL
108,VIN84762,108,2014-12-09,NULL
109,VIN41334,109,2020-12-15,NULL
110,VIN16264,110,2018-02-04,NULL
111,VIN34307,111,2024-08-15,NULL
112,VIN70642,112,2015-10-11,NULL
113,VIN28545,113,2018-04-01,NULL
114,VIN79780,114,2019-01-20,NULL
115,VIN47882,115,2014-11-04,NULL
116,VIN75493,116,2022-04-24,NULL
117,VIN28726,117,2020-12-20,NULL
118,VIN93842,118,2021-04-04,NULL
119,VIN24499,119,2016-09-14,NULL
120,VIN61638,120,2021-03-05,2019-08-21
121,VIN56670,121,2022-11-24,NULL
122,VIN27447,122,2014-05-26,NULL
123,VIN96189,123,2015-09-18,NULL
124,VIN91429,124,2019-06-23,NULL
125,VIN86889,125,2017-08-27,NULL
126,VIN88862,126,2019-11-12,NULL
127,VIN21438,127,2023-07-12,NULL
128,VIN68886,128,2014-09-14,NULL
129,VIN38451,129,2021-07-13,2023-03-23
130,VIN85947,130,2017-02-10,NULL
131,VIN58507,131,2019-04-22,NULL
132,VIN87051,132,2017-08-17,NULL
133,VIN31160,133,2017-06-27,NULL
134,VIN74718,134,2016-07-20,NULL
135,VIN55489,135,2014-03-15,NULL
136,VIN74316,136,2022-07-10,NULL
137,VIN77011,137,2024-07-24,2014-10-16
138,VIN17702,138,2018-01-02,2018-05-10
139,VIN58423,139,2018-05-26,NULL
140,VIN81512,140,2020-08-11,NULL
141,VIN74948,141,2014-12-23,NULL
142,VIN70357,142,2019-05-12,NULL
143,VIN26756,143,2016-02-28,NULL
144,VIN46340,144,2017-08-19,NULL
145,VIN87128,145,2023-09-18,NULL
146,VIN72924,146,2016-12-14,NULL
147,VIN94663,147,2024-06-24,NULL
148,VIN67522,148,2018-12-01,NULL
149,VIN96872,149,2019-06-16,NULL
150,VIN24268,150,2020-09-12,NULL
151,VIN48783,151,2019-01-01,2022-03-10
152,VIN62742,152,2023-07-20,NULL
153,VIN30633,153,2015-08-08,NULL
154,VIN94930,154,2017-06-25,NULL
155,VIN22950,155,2024-09-26,NULL
156,VIN63432,156,2020-08-28,NULL
157,VIN89480,157,2018-02-26,NULL
158,VIN29156,158,2014-06-06,NULL
159,VIN35061,159,2014-12-22,NULL
160,VIN29937,160,2020-11-10,NULL
161,VIN35853,161,2019-12-17,2024-05-19
162,VIN34938,162,2022-06-08,2015-12-09
163,VIN17488,163,2014-04-03,NULL
164,VIN54139,164,2022-08-05,2020-01-13
165,VIN97954,165,2023-05-20,2018-05-09
166,VIN14213,166,2019-09-01,NULL
167,VIN50050,167,2021-08-04,NULL
168,VIN10119,168,2014-12-06,NULL
169,VIN58598,169,2021-09-15,NULL
170,VIN14585,170,2018-06-14,NULL
171,VIN24202,171,2016-10-16,NULL
172,VIN64703,172,2019-05-04,NULL
173,VIN38208,173,2021-12-28,NULL
174,VIN64043,174,2022-12-20,2016-11-20
175,VIN16399,175,2020-01-16,NULL
176,VIN60913,176,2024-05-24,2021-06-14
177,VIN59799,177,2023-01-13,NULL
178,VIN55401,178,2017-07-07,NULL
179,VIN76069,179,2015-03-12,NULL
180,VIN75457,180,2018-09-15,NULL
181,VIN28966,181,2020-06-08,2019-09-20
182,VIN75720,182,2014-09-07,NULL
183,VIN80857,183,2020-01-23,NULL
184,VIN27274,184,2020-09-01,NULL
185,VIN67523,185,2014-02-20,NULL
186,VIN31627,186,2021-12-20,2024-11-02
187,VIN83156,187,2023-07-18,NULL
188,VIN65266,188,2014-09-01,2021-10-07
189,VIN69598,189,2020-06-19,NULL
190,VIN87957,190,2019-03-10,NULL
191,VIN97774,191,2024-06-16,2018-01-07
192,VIN14515,192,2016-06-09,2021-06-13
193,VIN91409,193,2021-10-08,2016-04-16
194,VIN66362,194,2018-02-01,2022-04-25
195,VIN89300,195,2019-03-09,NULL
196,VIN80632,196,2022-10-15,NULL
197,VIN16644,197,2015-04-08,NULL
198,VIN85434,198,2016-03-22,NULL
199,VIN66854,199,2015-09-01,NULL
200,VIN11547,200,2024-01-11,NULL
201,VIN22029,201,2018-12-22,NULL
202,VIN63828,202,2020-11-09,NULL
203,VIN37137,203,2020-05-11,NULL
204,VIN80756,204,2021-01-08,NULL
205,VIN21304,205,2019-07-05,2016-09-12
206,VIN72828,206,2023-08-04,NULL
207,VIN83011,207,2015-10-01,NULL
208,VIN62464,208,2021-04-06,2022-04-20
209,VIN65028,209,2021-10-08,NULL
210,VIN33882,210,2017-01-03,NULL
211,VIN83527,211,2017-01-18,NULL
212,VIN49069,212,2020-04-15,NULL
213,VIN34938,213,2024-06-15,NULL
214,VIN93934,214,2024-12-03,2015-08-08
215,VIN48081,215,2015-07-18,NULL
216,VIN48096,216,2021-06-20,NULL
217,VIN69159,217,2021-02-12,NULL
218,VIN48259,218,2019-09-22,NULL
219,VIN32418,219,2023-09-05,NULL
220,VIN47791,220,2021-05-01,NULL
221,VIN50015,221,2018-01-22,2021-01-11
222,VIN92841,222,2014-06-21,NULL
223,VIN35010,223,2022-03-13,NULL
224,VIN23792,224,2022-07-22,NULL
225,VIN68767,225,2024-10-09,NULL
226,VIN88563,226,2024-05-24,2021-09-10
227,VIN36802,227,2022-01-12,NULL
228,VIN41342,228,2016-01-25,NULL
229,VIN43114,229,2015-10-01,NULL
230,VIN69650,230,2020-12-08,NULL
231,VIN69405,231,2024-06-06,NULL
232,VIN26047,232,2019-05-11,NULL
233,VIN92810,233,2020-04-23,NULL
234,VIN91159,234,2018-05-21,NULL
235,VIN89257,235,2021-12-11,NULL
236,VIN14042,236,2014-05-19,NULL
237,VIN96263,237,2014-09-06,NULL
238,VIN16705,238,2017-06-15,NULL
239,VIN63962,239,2014-10-14,NULL
240,VIN68418,240,2015-01-13,NULL
241,VIN23500,241,2024-01-25,2022-10-02
242,VIN44177,242,2017-01-06,NULL
243,VIN14235,243,2023-05-27,NULL
244,VIN98277,244,2016-01-08,NULL
245,VIN78944,245,2023-07-15,NULL
246,VIN29877,246,2022-06-17,NULL
247,VIN79373,247,2015-01-19,NULL
248,VIN42517,248,2015-11-07,NULL
249,VIN85771,249,2022-11-11,NULL
250,VIN94165,250,2023-09-13,NULL
251,VIN73979,251,2020-04-06,NULL
252,VIN32858,252,2022-07-12,NULL
253,VIN40527,253,2018-11-21,NULL
254,VIN42850,254,2014-06-19,2020-09-22
255,VIN55534,255,2024-04-16,NULL
256,VIN91906,256,2016-06-11,NULL
257,VIN63992,257,2018-06-22,NULL
258,VIN76059,258,2017-03-24,2024-06-18
259,VIN71487,259,2023-09-05,NULL
260,VIN90154,260,2021-12-25,2014-06-21
261,VIN85532,261,2020-02-08,NULL
262,VIN82940,262,2021-09-14,NULL
263,VIN24041,263,2020-04-15,NULL
264,VIN20259,264,2016-01-07,2016-01-10
265,VIN11814,265,2014-11-11,NULL
266,VIN16392,266,2016-04-27,NULL
267,VIN37174,267,2024-07-20,NULL
268,VIN65599,268,2021-07-14,2018-06-21
269,VIN19159,269,2017-01-12,NULL
270,VIN67175,270,2021-08-07,NULL
271,VIN87414,271,2019-10-04,NULL
272,VIN31115,272,2022-08-01,NULL
273,VIN10129,273,2016-09-25,NULL
274,VIN62638,274,2020-05-21,NULL
275,VIN87296,275,2024-10-18,NULL
276,VIN41130,276,2014-01-24,2017-02-13
277,VIN89741,277,2016-06-20,2022-10-09
278,VIN88206,278,2015-10-17,NULL
279,VIN82992,279,2022-03-19,NULL
280,VIN89245,280,2022-11-27,NULL
281,VIN66193,281,2016-03-01,NULL
282,VIN35206,282,2015-02-06,2017-10-04
283,VIN10964,283,2024-06-26,NULL
284,VIN70182,284,2018-09-18,2021-12-13
285,VIN24617,285,2023-03-07,NULL
286,VIN48164,286,2018-06-09,NULL
287,VIN59943,287,2019-08-05,NULL
288,VIN58445,288,2018-09-16,NULL
289,VIN30319,289,2024-04-20,2023-09-15
290,VIN88306,290,2022-04-23,NULL
291,VIN14064,291,2017-09-07,NULL
292,VIN43714,292,2021-01-22,NULL
293,VIN80583,293,2015-11-19,NULL
294,VIN59729,294,2018-04-02,NULL
295,VIN89066,295,2017-08-14,NULL
296,VIN11408,296,2024-06-06,NULL
297,VIN60897,297,2021-08-26,NULL
298,VIN34099,298,2015-03-28,NULL
299,VIN37743,299,2021-08-22,2020-03-27
300,VIN60330,300,2018-12-03,2023-01-01
301,VIN26262,301,2019-04-05,NULL
302,VIN45629,302,2017-12-04,NULL
303,VIN16218,303,2017-10-25,2024-01-25
304,VIN41098,304,2019-08-04,2014-11-07
305,VIN41579,305,2017-12-19,NULL
306,VIN66602,306,2022-12-11,NULL
307,VIN60505,307,2019-11-16,NULL
308,VIN45088,308,2014-05-10,NULL
309,VIN32567,309,2017-11-09,NULL
310,VIN12199,310,2023-09-17,NULL
311,VIN60966,311,2019-06-09,NULL
312,VIN22865,312,2024-04-18,NULL
313,VIN35856,313,2016-11-03,NULL
314,VIN32118,314,2023-07-13,NULL
315,VIN87250,315,2014-12-23,NULL
316,VIN17018,316,2022-03-20,NULL
317,VIN23790,317,2021-11-12,NULL
318,VIN85544,318,2016-11-19,2016-01-09
319,VIN25555,319,2018-08-25,NULL
320,VIN86394,320,2022-09-18,2016-01-24
321,VIN40379,321,2018-01-20,NULL
322,VIN50352,322,2015-12-18,NULL
323,VIN60982,323,2017-08-14,NULL
324,VIN25984,324,2016-07-07,NULL
325,VIN89584,325,2019-05-26,NULL
326,VIN30481,326,2022-06-08,NULL
327,VIN21944,327,2017-06-11,NULL
328,VIN78200,328,2023-05-12,NULL
329,VIN85272,329,2020-07-18,2016-04-05
330,VIN81047,330,2021-12-12,NULL
331,VIN95013,331,2016-04-24,NULL
332,VIN28849,332,2022-07-17,NULL
333,VIN33774,333,2016-09-12,2024-02-19
334,VIN59384,334,2016-08-23,NULL
335,VIN51699,335,2022-07-22,NULL
336,VIN44766,336,2019-02-20,NULL
337,VIN29508,337,2015-05-06,NULL
338,VIN76218,338,2023-07-03,2023-07-10
339,VIN48960,339,2014-08-03,NULL
340,VIN75128,340,2018-03-06,NULL
341,VIN19542,341,2015-01-27,NULL
342,VIN81204,342,2020-07-06,NULL
343,VIN80624,343,2015-09-25,NULL
344,VIN99544,344,2015-01-16,NULL
345,VIN91798,345,2016-11-25,NULL
346,VIN48186,346,2016-10-21,NULL
347,VIN70725,347,2021-07-18,NULL
348,VIN14261,348,2020-02-06,NULL
349,VIN40268,349,2015-02-04,NULL
350,VIN28236,350,2016-12-12,NULL
351,VIN73621,351,2021-07-06,2023-01-27
352,VIN97282,352,2018-11-10,NULL
353,VIN87335,353,2021-02-06,NULL
354,VIN49448,354,2018-01-02,NULL
355,VIN49745,355,2015-12-07,NULL
356,VIN24438,356,2021-09-07,NULL
357,VIN14946,357,2022-10-25,NULL
358,VIN51668,358,2015-01-18,NULL
359,VIN33630,359,2017-06-09,NULL
360,VIN34548,360,2018-10-07,NULL
361,VIN16204,361,2021-05-14,NULL
362,VIN68075,362,2020-09-22,NULL
363,VIN87969,363,2014-02-15,NULL
364,VIN80870,364,2024-05-13,NULL
365,VIN77699,365,2024-06-23,NULL
366,VIN54998,366,2021-09-13,NULL
367,VIN58995,367,2015-12-25,NULL
368,VIN77169,368,2018-09-26,NULL
369,VIN98586,369,2023-09-25,NULL
370,VIN73982,370,2020-04-12,2018-05-20
371,VIN25592,371,2023-11-01,NULL
372,VIN81316,372,2023-09-15,2020-05-05
373,VIN29598,373,2014-10-05,NULL
374,VIN65695,374,2020-11-22,NULL
375,VIN37008,375,2014-01-21,2014-07-09
376,VIN29163,376,2020-03-25,NULL
377,VIN48550,377,2023-12-26,NULL
378,VIN70030,378,2017-10-16,2017-05-06
379,VIN48424,379,2017-12-25,NULL
380,VIN84197,380,2021-02-03,NULL
381,VIN42343,381,2015-10-27,NULL
382,VIN25918,382,2015-06-01,NULL
383,VIN55682,383,2021-05-12,NULL
384,VIN62311,384,2014-11-01,NULL
385,VIN33265,385,2016-11-21,2020-07-23
386,VIN11555,386,2020-06-13,NULL
387,VIN79543,387,2021-01-05,NULL
388,VIN80064,388,2016-09-20,2022-08-17
389,VIN75464,389,2018-08-20,NULL
390,VIN17660,390,2022-04-22,2017-02-16
391,VIN78377,391,2014-06-12,NULL
392,VIN26630,392,2015-09-25,NULL
393,VIN59183,393,2019-08-18,NULL
394,VIN50717,394,2017-03-24,2015-07-13
395,VIN84497,395,2022-04-14,NULL
396,VIN18206,396,2018-03-03,NULL
397,VIN17767,397,2020-03-20,NULL
398,VIN66437,398,2024-09-05,NULL
399,VIN74915,399,2017-06-08,NULL
400,VIN56935,400,2023-05-20,NULL
401,VIN70759,401,2024-03-22,2021-11-20
402,VIN38102,402,2023-02-24,NULL
403,VIN10139,403,2023-05-11,NULL
404,VIN92476,404,2015-09-13,2017-07-23
405,VIN55599,405,2015-04-20,NULL
406,VIN82457,406,2024-03-15,NULL
407,VIN28050,407,2014-01-26,NULL
408,VIN80828,408,2021-10-08,NULL
409,VIN47945,409,2019-08-10,NULL
410,VIN85856,410,2020-12-23,NULL
411,VIN54659,411,2017-05-21,NULL
412,VIN56733,412,2015-06-08,NULL
413,VIN43588,413,2015-07-24,NULL
414,VIN20967,414,2022-06-04,NULL
415,VIN19402,415,2017-11-10,NULL
416,VIN28794,416,2019-04-21,NULL
417,VIN37004,417,2021-11-20,NULL
418,VIN35498,418,2016-04-13,NULL
419,VIN12378,419,2015-07-21,NULL
420,VIN36026,420,2015-05-17,NULL
421,VIN55719,421,2014-03-05,NULL
422,VIN90795,422,2022-09-08,NULL
423,VIN12825,423,2019-12-15,2019-11-22
424,VIN73183,424,2019-06-25,NULL
425,VIN65498,425,2019-09-21,NULL
426,VIN93539,426,2015-07-23,NULL
427,VIN25216,427,2023-02-27,NULL
428,VIN49222,428,2016-09-21,NULL
429,VIN27786,429,2016-01-26,NULL
430,VIN69041,430,2018-08-09,NULL
431,VIN79563,431,2024-03-06,2020-09-01
432,VIN69255,432,2018-05-23,2020-06-19
433,VIN40252,433,2022-11-12,NULL
434,VIN10564,434,2023-05-11,NULL
435,VIN65950,435,2016-06-23,NULL
436,VIN45861,436,2022-09-16,NULL
437,VIN20870,437,2014-05-05,NULL
438,VIN81900,438,2018-06-12,NULL
439,VIN41635,439,2019-01-14,NULL
440,VIN74055,440,2014-03-10,NULL
441,VIN65493,441,2019-02-05,NULL
442,VIN10959,442,2019-03-22,2024-08-16
443,VIN60903,443,2023-01-03,NULL
444,VIN64209,444,2023-08-15,NULL
445,VIN70900,445,2016-08-14,2017-05-09
446,VIN22219,446,2016-09-21,NULL
447,VIN29996,447,2015-10-20,NULL
448,VIN89696,448,2021-05-20,2024-05-16
449,VIN15769,449,2018-10-17,NULL
450,VIN20315,450,2019-06-10,2016-02-11
451,VIN87616,451,2014-04-07,NULL
452,VIN26360,452,2019-02-28,NULL
453,VIN55849,453,2015-12-26,NULL
454,VIN13015,454,2019-02-04,NULL
455,VIN41602,455,2020-01-19,2017-06-02
456,VIN89726,456,2018-08-01,NULL
457,VIN93583,457,2016-02-15,2021-11-05
458,VIN66615,458,2024-09-22,NULL
459,VIN15016,459,2020-07-10,NULL
460,VIN64035,460,2016-08-04,NULL
461,VIN67142,461,2014-06-12,NULL
462,VIN66135,462,2014-02-02,NULL
463,VIN93719,463,2017-09-18,NULL
464,VIN69966,464,2015-08-21,NULL
465,VIN61195,465,2015-10-15,NULL
466,VIN81632,466,2015-10-19,NULL
467,VIN23632,467,2019-04-27,NULL
468,VIN96138,468,2023-03-17,NULL
469,VIN44542,469,2023-01-14,NULL
470,VIN30882,470,2020-09-03,NULL
471,VIN73111,471,2021-02-16,NULL
472,VIN81133,472,2021-04-27,NULL
473,VIN30001,473,2016-03-21,2014-03-06
474,VIN29619,474,2017-10-18,NULL
475,VIN43220,475,2023-08-14,NULL
476,VIN38728,476,2020-09-28,2016-08-16
477,VIN35380,477,2017-11-25,NULL
478,VIN75367,478,2020-04-23,NULL
479,VIN92529,479,2017-10-10,NULL
480,VIN67760,480,2020-08-01,2019-02-10
481,VIN77273,481,2016-12-02,NULL
482,VIN89489,482,2019-04-06,NULL
483,VIN50754,483,2014-10-08,2015-04-10
484,VIN57266,484,2016-08-26,NULL
485,VIN83708,485,2022-09-27,NULL
486,VIN78147,486,2021-07-25,NULL
487,VIN72572,487,2017-12-05,2015-07-09
488,VIN51563,488,2015-06-24,2021-08-08
489,VIN72292,489,2015-11-02,NULL
490,VIN85974,490,2018-05-26,2015-08-14
491,VIN59313,491,2015-07-05,NULL
492,VIN32400,492,2021-04-09,NULL
493,VIN14578,493,2022-09-23,2021-08-26
494,VIN62952,494,2014-05-06,2017-02-04
495,VIN31796,495,2014-04-02,2016-11-06
496,VIN81520,496,2023-09-16,NULL
497,VIN79322,497,2024-05-04,NULL
498,VIN10690,498,2017-01-10,NULL
499,VIN31730,499,2020-08-19,NULL
500,VIN40078,500,2021-04-21,NULL
501,VIN34631,501,2021-09-21,NULL
502,VIN56957,502,2016-04-08,NULL
503,VIN92025,503,2021-05-14,NULL
504,VIN97768,504,2015-11-11,NULL
505,VIN52678,505,2024-01-21,NULL
506,VIN65418,506,2021-01-19,NULL
507,VIN74694,507,2015-05-14,NULL
508,VIN49258,508,2014-07-23,NULL
509,VIN66960,509,2021-04-21,NULL
510,VIN89879,510,2015-08-01,NULL
511,VIN25849,511,2024-08-21,NULL
512,VIN49424,512,2016-01-07,NULL
513,VIN92223,513,2021-01-21,2018-07-22
514,VIN46473,514,2016-12-13,NULL
515,VIN85837,515,2017-01-26,NULL
516,VIN89856,516,2023-06-04,NULL
517,VIN39889,517,2024-04-14,2020-09-13
518,VIN81862,518,2015-11-26,NULL
519,VIN71852,519,2015-09-20,NULL
520,VIN37493,520,2015-01-18,NULL
521,VIN64371,521,2017-03-08,2019-08-20
522,VIN28289,522,2017-02-05,NULL
523,VIN54374,523,2018-05-22,NULL
524,VIN37891,524,2017-08-20,NULL
525,VIN44766,525,2022-10-14,NULL
526,VIN26022,526,2017-08-02,NULL
527,VIN15142,527,2015-01-04,2022-08-18
528,VIN12037,528,2014-10-24,NULL
529,VIN75778,529,2015-07-02,NULL
530,VIN97192,530,2014-10-19,NULL
531,VIN68366,531,2022-11-24,NULL
532,VIN97579,532,2018-06-07,NULL
533,VIN16420,533,2019-12-13,NULL
534,VIN63366,534,2022-12-23,NULL
535,VIN20834,535,2020-12-19,NULL
536,VIN23575,536,2019-01-06,2021-04-21
537,VIN60918,537,2015-07-17,NULL
538,VIN91578,538,2021-09-28,2014-05-16
539,VIN40726,539,2017-03-10,NULL
540,VIN86670,540,2015-06-20,NULL
541,VIN59317,541,2017-10-01,NULL
542,VIN44415,542,2019-09-25,2023-01-12
543,VIN80989,543,2017-11-22,NULL
544,VIN78598,544,2015-02-20,NULL
545,VIN13484,545,2019-08-06,NULL
546,VIN74772,546,2017-03-12,NULL
547,VIN41882,547,2021-07-06,NULL
548,VIN10874,548,2020-04-13,NULL
549,VIN34316,549,2023-12-05,NULL
550,VIN70569,550,2020-01-17,2015-01-18
551,VIN69999,551,2021-07-21,NULL
552,VIN66869,552,2020-02-13,NULL
553,VIN91576,553,2023-10-02,NULL
554,VIN11216,554,2015-08-03,2018-05-13
555,VIN81328,555,2016-09-01,NULL
556,VIN39996,556,2015-08-17,2020-04-14
557,VIN72328,557,2020-05-23,NULL
558,VIN45110,558,2021-03-12,2015-10-20
559,VIN66828,559,2019-08-13,NULL
560,VIN70686,560,2020-06-02,NULL
561,VIN30386,561,2021-10-09,NULL
562,VIN50939,562,2019-11-16,NULL
563,VIN18072,563,2016-06-01,2015-06-22
564,VIN77175,564,2020-05-15,NULL
565,VIN55445,565,2016-10-07,NULL
566,VIN37950,566,2017-06-25,NULL
567,VIN70177,567,2017-08-10,NULL
568,VIN10509,568,2020-03-25,NULL
569,VIN71179,569,2017-02-03,NULL
570,VIN75231,570,2020-03-24,NULL
571,VIN55665,571,2022-12-25,2019-09-09
572,VIN78255,572,2024-03-09,2018-09-06
573,VIN95126,573,2018-07-06,NULL
574,VIN33616,574,2016-07-16,NULL
575,VIN20147,575,2022-10-16,2021-02-01
576,VIN44547,576,2020-01-22,NULL
577,VIN25220,577,2017-07-14,NULL
578,VIN49590,578,2020-04-25,NULL
579,VIN56641,579,2018-08-24,NULL
580,VIN90643,580,2022-11-18,NULL
581,VIN95018,581,2017-04-05,NULL
582,VIN56735,582,2020-07-19,NULL
583,VIN81208,583,2021-11-05,NULL
584,VIN39353,584,2018-02-20,NULL
585,VIN25744,585,2015-11-24,NULL
586,VIN37230,586,2017-01-27,NULL
587,VIN28085,587,2018-08-13,NULL
588,VIN72818,588,2018-02-02,NULL
589,VIN11115,589,2017-03-22,2018-05-12
590,VIN44380,590,2021-06-12,NULL
591,VIN43641,591,2017-08-08,NULL
592,VIN27671,592,2018-10-21,NULL
593,VIN67330,593,2021-06-09,NULL
594,VIN76231,594,2018-05-03,NULL
595,VIN21001,595,2014-01-04,2021-01-08
596,VIN10053,596,2019-01-16,NULL
597,VIN29542,597,2018-03-10,NULL
598,VIN81567,598,2020-02-04,NULL
599,VIN82971,599,2016-01-11,NULL
600,VIN69392,600,2014-10-21,2019-05-27
601,VIN84679,601,2017-11-26,NULL
602,VIN99348,602,2024-08-08,NULL
603,VIN48655,603,2018-09-08,NULL
604,VIN77507,604,2017-10-11,NULL
605,VIN97260,605,2016-08-15,NULL
606,VIN19389,606,2023-04-21,NULL
607,VIN17493,607,2015-09-28,NULL
608,VIN33165,608,2021-11-21,NULL
609,VIN52884,609,2021-05-25,NULL
610,VIN80956,610,2022-07-09,2017-09-04
611,VIN42996,611,2022-05-02,2015-01-19
612,VIN92238,612,2023-02-20,NULL
613,VIN36927,613,2018-04-20,2021-10-07
614,VIN55576,614,2018-06-06,2020-03-06
615,VIN57075,615,2017-05-27,NULL
616,VIN95566,616,2016-10-24,NULL
617,VIN51992,617,2021-07-22,2017-04-18
618,VIN11582,618,2014-04-27,2017-10-27
619,VIN77991,619,2017-08-20,2020-11-24
620,VIN82473,620,2018-03-10,NULL
621,VIN93376,621,2021-04-15,NULL
622,VIN84227,622,2020-04-05,NULL
623,VIN52021,623,2015-10-06,NULL
624,VIN97271,624,2015-02-26,2021-03-07
625,VIN47030,625,2022-11-13,NULL
626,VIN38668,626,2023-01-04,NULL
627,VIN46784,627,2018-11-14,NULL
628,VIN65893,628,2019-05-02,NULL
629,VIN48886,629,2023-09-04,NULL
630,VIN23123,630,2024-12-26,NULL
631,VIN25949,631,2024-10-04,NULL
632,VIN54948,632,2021-08-03,NULL
633,VIN61078,633,2019-04-22,NULL
634,VIN72281,634,2018-06-15,NULL
635,VIN16473,635,2019-09-27,NULL
636,VIN88913,636,2022-02-23,2015-01-18
637,VIN83548,637,2016-05-21,NULL
638,VIN58671,638,2022-10-03,NULL
639,VIN55863,639,2023-12-25,NULL
640,VIN18335,640,2020-11-01,NULL
641,VIN84980,641,2023-08-01,NULL
642,VIN96303,642,2018-05-19,NULL
643,VIN64868,643,2023-05-06,2023-09-14
644,VIN10536,644,2024-08-01,2021-12-16
645,VIN87501,645,2019-02-12,NULL
646,VIN99057,646,2017-08-24,NULL
647,VIN38611,647,2024-03-11,NULL
648,VIN98846,648,2015-12-28,NULL
649,VIN11799,649,2018-11-23,2014-07-07
650,VIN14139,650,2019-04-21,NULL
651,VIN80951,651,2023-05-06,NULL
652,VIN67140,652,2016-03-14,NULL
653,VIN92732,653,2024-08-11,NULL
654,VIN64857,654,2019-12-24,NULL
655,VIN54784,655,2019-12-19,NULL
656,VIN86078,656,2020-07-20,NULL
657,VIN39703,657,2020-10-18,NULL
658,VIN88907,658,2017-01-11,NULL
659,VIN96221,659,2017-07-04,NULL
660,VIN68508,660,2017-11-13,2019-03-04
661,VIN59561,661,2020-03-25,NULL
662,VIN52783,662,2022-06-17,NULL
663,VIN99495,663,2023-05-11,NULL
664,VIN29435,664,2017-07-15,NULL
665,VIN31485,665,2018-02-02,2020-01-13
666,VIN19592,666,2022-02-09,NULL
667,VIN52535,667,2023-05-18,NULL
668,VIN39773,668,2024-02-09,2020-01-18
669,VIN11075,669,2023-04-19,NULL
670,VIN80324,670,2014-08-16,NULL
671,VIN33538,671,2020-07-13,2015-07-05
672,VIN87836,672,2017-04-03,NULL
673,VIN88590,673,2024-09-03,2024-07-24
674,VIN54094,674,2018-07-15,NULL
675,VIN11782,675,2020-01-22,2019-01-20
676,VIN22838,676,2022-11-25,NULL
677,VIN85470,677,2024-10-26,NULL
678,VIN17006,678,2016-05-14,NULL
679,VIN28342,679,2020-07-25,NULL
680,VIN76736,680,2019-06-19,2024-03-27
681,VIN31950,681,2023-08-03,NULL
682,VIN51845,682,2014-05-20,NULL
683,VIN11442,683,2024-05-17,NULL
684,VIN78521,684,2017-07-13,2016-05-12
685,VIN60055,685,2021-05-23,NULL
686,VIN14220,686,2022-11-10,NULL
687,VIN47191,687,2021-10-24,NULL
688,VIN27770,688,2014-04-15,NULL
689,VIN51681,689,2018-09-13,NULL
690,VIN24873,690,2024-10-17,2021-09-05
691,VIN88300,691,2024-11-05,NULL
692,VIN39334,692,2014-06-12,NULL
693,VIN24801,693,2022-02-07,NULL
694,VIN69941,694,2022-04-01,NULL
695,VIN60563,695,2016-10-16,NULL
696,VIN45507,696,2024-11-25,2019-09-21
697,VIN16999,697,2017-02-27,NULL
698,VIN56091,698,2016-02-14,NULL
699,VIN64179,699,2015-03-15,NULL
700,VIN20966,700,2016-05-02,2023-01-09
701,VIN47229,701,2020-10-13,NULL
702,VIN91257,702,2020-06-17,NULL
703,VIN14389,703,2019-07-05,NULL
704,VIN67616,704,2017-08-14,NULL
705,VIN47279,705,2017-04-18,NULL
706,VIN95045,706,2023-10-26,NULL
707,VIN82561,707,2016-04-24,NULL
708,VIN25051,708,2022-05-08,NULL
709,VIN11219,709,2019-03-16,NULL
710,VIN32599,710,2020-01-13,NULL
711,VIN66940,711,2018-02-24,NULL
712,VIN90399,712,2021-07-28,NULL
713,VIN49261,713,2018-10-20,2021-09-16
714,VIN17735,714,2017-07-18,NULL
715,VIN54379,715,2018-11-17,NULL
716,VIN39163,716,2016-08-06,2016-07-20
717,VIN37344,717,2014-04-03,NULL
718,VIN76897,718,2014-08-24,NULL
719,VIN97972,719,2016-03-21,NULL
720,VIN25974,720,2020-08-05,2021-03-14
721,VIN99071,721,2017-02-08,NULL
722,VIN67730,722,2021-04-02,NULL
723,VIN98720,723,2020-01-23,2024-10-10
724,VIN70501,724,2018-04-01,NULL
725,VIN80424,725,2022-12-23,NULL
726,VIN34200,726,2015-01-14,NULL
727,VIN52049,727,2014-01-04,NULL
728,VIN93755,728,2017-01-16,NULL
729,VIN60326,729,2017-09-22,NULL
730,VIN98394,730,2017-10-25,NULL
731,VIN12358,731,2023-03-05,2020-05-26
732,VIN35623,732,2023-08-05,NULL
733,VIN32762,733,2023-01-26,NULL
734,VIN78658,734,2014-11-21,NULL
735,VIN77038,735,2014-01-05,2017-09-22
736,VIN73265,736,2024-02-05,2015-03-04
737,VIN11257,737,2021-05-02,2015-01-24
738,VIN90830,738,2021-10-08,2024-07-13
739,VIN32242,739,2016-05-09,NULL
740,VIN70269,740,2017-12-03,NULL
741,VIN80302,741,2018-08-01,NULL
742,VIN27575,742,2023-05-26,2014-02-13
743,VIN10930,743,2023-09-28,NULL
744,VIN41968,744,2015-01-23,NULL
745,VIN28570,745,2014-04-22,NULL
746,VIN37993,746,2018-02-01,NULL
747,VIN44071,747,2023-12-25,NULL
748,VIN18474,748,2018-05-11,2015-04-27
749,VIN77411,749,2019-01-20,NULL
750,VIN17957,750,2014-09-21,NULL
751,VIN74288,751,2017-11-06,NULL
752,VIN26457,752,2015-02-03,NULL
753,VIN85383,753,2015-06-09,2014-06-12
754,VIN58777,754,2020-05-06,NULL
755,VIN24585,755,2014-10-26,NULL
756,VIN40634,756,2021-06-09,NULL
757,VIN76777,757,2016-02-13,NULL
758,VIN40876,758,2022-09-21,NULL
759,VIN85523,759,2019-03-24,NULL
760,VIN48879,760,2019-10-09,2014-02-18
761,VIN25390,761,2019-12-26,2018-05-20
762,VIN82541,762,2018-04-19,2022-11-07
763,VIN97349,763,2020-12-22,NULL
764,VIN24151,764,2023-02-24,NULL
765,VIN97206,765,2020-03-11,2018-10-04
766,VIN68744,766,2023-07-01,2021-01-16
767,VIN85867,767,2016-10-24,2017-07-21
768,VIN17156,768,2024-12-14,2017-02-18
769,VIN78468,769,2019-10-26,2016-04-27
770,VIN26320,770,2024-04-03,2018-08-28
771,VIN90368,771,2020-07-25,NULL
772,VIN77762,772,2020-01-07,NULL
773,VIN71880,773,2024-05-21,NULL
774,VIN41903,774,2015-01-07,2024-07-12
775,VIN28123,775,2019-11-08,NULL
776,VIN80324,776,2014-12-13,NULL
777,VIN19376,777,2021-08-09,NULL
778,VIN44677,778,2015-12-02,NULL
779,VIN61221,779,2017-08-18,NULL
780,VIN67877,780,2023-03-05,NULL
781,VIN38710,781,2021-05-14,NULL
782,VIN39955,782,2015-11-06,NULL
783,VIN70355,783,2024-10-19,NULL
784,VIN24422,784,2016-09-16,NULL
785,VIN90009,785,2014-11-09,NULL
786,VIN37121,786,2020-10-07,NULL
787,VIN39846,787,2015-04-11,NULL
788,VIN75819,788,2018-06-15,NULL
789,VIN81382,789,2020-07-03,NULL
790,VIN48623,790,2017-08-22,NULL
791,VIN73261,791,2017-03-22,NULL
792,VIN51806,792,2022-08-10,2021-07-13
793,VIN65326,793,2021-11-12,2023-08-02
794,VIN39573,794,2015-03-27,NULL
795,VIN37868,795,2019-07-11,2017-02-20
796,VIN61050,796,2020-01-09,2022-05-13
797,VIN81701,797,2019-11-19,2024-02-04
798,VIN27691,798,2023-04-18,NULL
799,VIN37598,799,2022-10-19,NULL
800,VIN54162,800,2022-02-13,NULL
801,VIN17912,801,2019-05-15,NULL
802,VIN98627,802,2019-12-23,NULL
803,VIN30368,803,2023-05-09,NULL
804,VIN74868,804,2014-11-15,NULL
805,VIN63287,805,2018-04-22,NULL
806,VIN45563,806,2023-11-10,NULL
807,VIN58615,807,2014-07-05,NULL
808,VIN64175,808,2017-09-27,NULL
809,VIN77673,809,2022-02-05,NULL
810,VIN38783,810,2020-12-07,2024-12-17
811,VIN59559,811,2020-02-28,NULL
812,VIN41770,812,2019-12-25,NULL
813,VIN39264,813,2023-05-14,NULL
814,VIN50174,814,2014-07-13,NULL
815,VIN26524,815,2023-04-18,NULL
816,VIN91205,816,2020-12-03,2017-03-11
817,VIN71912,817,2024-12-04,NULL
818,VIN20643,818,2020-08-08,NULL
819,VIN99674,819,2019-12-23,NULL
820,VIN95083,820,2016-11-14,NULL
821,VIN85348,821,2016-03-21,2016-12-02
822,VIN90212,822,2024-09-26,NULL
823,VIN21896,823,2024-01-03,NULL
824,VIN77492,824,2019-05-26,2018-12-25
825,VIN96472,825,2022-05-24,NULL
826,VIN20493,826,2019-12-28,NULL
827,VIN46317,827,2020-12-02,2020-05-20
828,VIN37419,828,2022-05-16,NULL
829,VIN21105,829,2021-10-17,NULL
830,VIN47845,830,2020-06-17,NULL
831,VIN35017,831,2023-08-01,NULL
832,VIN68087,832,2016-01-09,NULL
833,VIN65174,833,2014-08-16,NULL
834,VIN22323,834,2016-08-01,NULL
835,VIN44187,835,2014-02-18,NULL
836,VIN77680,836,2020-01-10,NULL
837,VIN55935,837,2024-09-28,NULL
838,VIN50620,838,2020-01-08,NULL
839,VIN42128,839,2018-10-14,NULL
840,VIN91326,840,2017-10-24,NULL
841,VIN79642,841,2018-06-08,NULL
842,VIN80267,842,2020-10-16,NULL
843,VIN97876,843,2017-09-20,NULL
844,VIN91133,844,2015-01-23,NULL
845,VIN86558,845,2020-01-04,NULL
846,VIN85282,846,2016-09-10,NULL
847,VIN77083,847,2019-04-10,2021-08-20
848,VIN52771,848,2016-06-17,NULL
849,VIN52189,849,2016-05-01,NULL
850,VIN52192,850,2015-04-21,2024-06-04
851,VIN90433,851,2017-10-18,NULL
852,VIN76673,852,2016-11-13,NULL
853,VIN77568,853,2015-11-09,NULL
854,VIN23416,854,2014-05-21,NULL
855,VIN51754,855,2021-07-05,NULL
856,VIN85321,856,2017-05-10,NULL
857,VIN53584,857,2024-05-07,2014-12-28
858,VIN93032,858,2020-04-09,NULL
859,VIN20950,859,2017-05-06,NULL
860,VIN33209,860,2024-12-19,NULL
861,VIN76947,861,2023-08-27,NULL
862,VIN21826,862,2017-09-08,2020-04-16
863,VIN13080,863,2016-05-06,NULL
864,VIN43725,864,2017-11-09,2014-05-17
865,VIN67374,865,2024-09-27,NULL
866,VIN24309,866,2015-01-18,2020-06-09
867,VIN92621,867,2024-06-18,NULL
868,VIN91879,868,2015-07-23,NULL
869,VIN52473,869,2019-01-27,NULL
870,VIN84968,870,2022-10-13,NULL
871,VIN52445,871,2021-10-07,NULL
872,VIN72538,872,2022-05-12,NULL
873,VIN59004,873,2014-03-06,2014-08-22
874,VIN21766,874,2023-08-03,NULL
875,VIN82814,875,2020-02-09,NULL
876,VIN25982,876,2021-01-15,NULL
877,VIN79078,877,2021-12-12,NULL
878,VIN38413,878,2016-06-18,NULL
879,VIN92028,879,2014-08-14,NULL
880,VIN19470,880,2021-08-08,2022-01-02
881,VIN94510,881,2015-10-28,NULL
882,VIN23911,882,2020-08-12,2014-03-16
883,VIN67701,883,2021-07-14,NULL
884,VIN11119,884,2015-12-16,2015-06-16
885,VIN55042,885,2015-05-07,NULL
886,VIN15073,886,2020-07-25,NULL
887,VIN30521,887,2021-12-15,NULL
888,VIN70291,888,2018-01-04,NULL
889,VIN40139,889,2021-01-15,NULL
890,VIN27396,890,2021-10-10,NULL
891,VIN65643,891,2023-06-24,NULL
892,VIN57077,892,2021-12-07,NULL
893,VIN85491,893,2021-09-09,NULL
894,VIN22593,894,2023-09-23,NULL
895,VIN48087,895,2024-05-16,NULL
896,VIN78780,896,2014-01-10,NULL
897,VIN86239,897,2021-01-04,NULL
898,VIN12323,898,2016-08-20,NULL
899,VIN43766,899,2017-09-02,NULL
900,VIN67911,900,2015-09-10,NULL
901,VIN35302,901,2022-07-20,NULL
902,VIN43759,902,2020-11-25,NULL
903,VIN97704,903,2016-09-14,NULL
904,VIN27004,904,2021-09-28,NULL
905,VIN93449,905,2015-09-07,NULL
906,VIN74708,906,2021-06-01,2017-01-26
907,VIN15370,907,2019-10-12,NULL
908,VIN31579,908,2018-01-23,NULL
909,VIN77349,909,2015-10-08,2017-11-09
910,VIN20743,910,2015-08-08,NULL
911,VIN68158,911,2021-02-21,NULL
912,VIN98393,912,2021-07-12,2021-02-11
913,VIN76563,913,2016-09-13,NULL
914,VIN59814,914,2017-06-08,NULL
915,VIN48496,915,2020-06-18,NULL
916,VIN42086,916,2018-09-14,NULL
917,VIN97093,917,2014-02-20,NULL
918,VIN18845,918,2021-02-14,NULL
919,VIN23903,919,2017-03-07,NULL
920,VIN85354,920,2024-08-20,NULL
921,VIN52530,921,2022-08-01,2019-10-28
922,VIN72393,922,2016-03-07,NULL
923,VIN84731,923,2024-06-09,NULL
924,VIN39214,924,2014-10-22,2016-11-18
925,VIN90015,925,2020-10-16,2017-07-07
926,VIN40645,926,2015-10-22,NULL
927,VIN74022,927,2023-11-04,NULL
928,VIN51991,928,2022-06-17,NULL
929,VIN47275,929,2024-09-14,NULL
930,VIN90090,930,2014-01-23,NULL
931,VIN98686,931,2014-05-28,NULL
932,VIN32752,932,2019-03-18,NULL
933,VIN96333,933,2018-10-15,NULL
934,VIN61015,934,2024-10-16,NULL
935,VIN63551,935,2023-10-05,NULL
936,VIN25724,936,2017-07-26,NULL
937,VIN22273,937,2015-08-10,NULL
938,VIN93530,938,2017-03-02,NULL
939,VIN82808,939,2018-11-08,2015-05-04
940,VIN71196,940,2020-12-26,2020-06-22
941,VIN83842,941,2023-03-09,NULL
942,VIN30725,942,2018-04-23,NULL
943,VIN93663,943,2016-03-03,NULL
944,VIN28748,944,2021-02-14,2023-10-20
945,VIN90201,945,2020-08-10,NULL
946,VIN97020,946,2014-10-12,NULL
947,VIN31972,947,2019-02-04,2022-01-02
948,VIN72507,948,2017-01-26,NULL
949,VIN18750,949,2023-06-16,NULL
950,VIN20778,950,2019-05-10,NULL
951,VIN38157,951,2018-09-15,NULL
952,VIN46793,952,2018-05-13,NULL
953,VIN57574,953,2020-08-19,2016-08-07
954,VIN83091,954,2022-03-11,NULL
955,VIN27560,955,2015-11-08,NULL
956,VIN52003,956,2016-10-23,NULL
957,VIN58895,957,2018-10-14,NULL
958,VIN57375,958,2014-04-11,NULL
959,VIN88419,959,2015-03-19,NULL
960,VIN95680,960,2022-06-11,NULL
961,VIN75140,961,2020-10-11,2024-04-11
962,VIN83087,962,2020-01-16,NULL
963,VIN10044,963,2020-02-26,NULL
964,VIN55778,964,2015-11-23,NULL
965,VIN23360,965,2014-05-07,2022-09-17
966,VIN55806,966,2022-11-22,2016-08-14
967,VIN17006,967,2021-02-24,NULL
968,VIN57821,968,2021-01-12,NULL
969,VIN85258,969,2023-11-25,NULL
970,VIN64878,970,2018-08-21,NULL
971,VIN85572,971,2018-11-12,NULL
972,VIN51002,972,2016-09-04,NULL
973,VIN47007,973,2022-10-06,NULL
974,VIN91411,974,2015-04-25,NULL
975,VIN68302,975,2019-01-24,NULL
976,VIN14934,976,2024-02-04,NULL
977,VIN15932,977,2022-04-13,NULL
978,VIN28839,978,2017-02-14,2014-08-07
979,VIN41052,979,2024-09-26,NULL
980,VIN60512,980,2021-09-12,NULL
981,VIN10345,981,2024-03-16,NULL
982,VIN66563,982,2022-07-11,NULL
983,VIN68959,983,2020-11-06,NULL
984,VIN19806,984,2015-02-10,NULL
985,VIN49489,985,2015-03-12,NULL
986,VIN38221,986,2021-10-12,NULL
987,VIN70419,987,2021-04-11,2014-02-14
988,VIN74827,988,2014-01-14,NULL
989,VIN68469,989,2022-08-21,NULL
990,VIN55032,990,2020-12-17,NULL
991,VIN89482,991,2019-11-19,2014-08-12
992,VIN64018,992,2021-01-08,NULL
993,VIN94860,993,2015-04-04,NULL
994,VIN91514,994,2018-12-11,NULL
995,VIN31617,995,2015-01-23,NULL
996,VIN49266,996,2017-05-02,NULL
997,VIN44046,997,2014-05-12,NULL
998,VIN79236,998,2021-08-27,2024-02-10
999,VIN71590,999,2017-08-08,2019-03-11
1000,VIN14668,1000,2016-12-17,NULL
